*sample_name	replicate	description	*geo_loc_name	*host	*collection_date	sample_title	*organism	*env_medium	*lat_lon	*env_broad_scale	*env_local_scale	source_site	treatment	time point	original_id
AS2003	biological replicate 1	Epiphytic metagenome sample from Halophila stipulacea in a mesocosm experiment. Source site SB, treatment CTCN, T0, biological replicate 1	Israel:Hatzeva,DeadSeaAndAravaScienceCenter	Halophila stipulacea	15-Aug-2019	Epiphytic metagenome sample from Halophila stipulacea in a mesocosm experiment. Source site SB, treatment CTCN, T0, biological replicate 1	epiphytic metagenome	water	30.77 N 35.24 E	marine seagrass meadow	mesocosm experiment	SB	CTCN	0.0	AS2003
AS2067	biological replicate 1	Epiphytic metagenome sample from Halophila stipulacea in a mesocosm experiment. Source site SB, treatment TCN, T3, biological replicate 1	Israel:Hatzeva,DeadSeaAndAravaScienceCenter	Halophila stipulacea	08-Sep-2019	Epiphytic metagenome sample from Halophila stipulacea in a mesocosm experiment. Source site SB, treatment TCN, T3, biological replicate 1	epiphytic metagenome	water	30.77 N 35.24 E	marine seagrass meadow	mesocosm experiment	SB	TCN	3.0	AS2067
AS2103	biological replicate 1	Epiphytic metagenome sample from Halophila stipulacea in a mesocosm experiment. Source site SB, treatment TCN, T5, biological replicate 1	Israel:Hatzeva,DeadSeaAndAravaScienceCenter	Halophila stipulacea	22-Sep-2019	Epiphytic metagenome sample from Halophila stipulacea in a mesocosm experiment. Source site SB, treatment TCN, T5, biological replicate 1	epiphytic metagenome	water	30.77 N 35.24 E	marine seagrass meadow	mesocosm experiment	SB	TCN	5.0	AS2103
AS2011	biological replicate 1	Epiphytic metagenome sample from Halophila stipulacea in a mesocosm experiment. Source site SB, treatment CTN, T0, biological replicate 1	Israel:Hatzeva,DeadSeaAndAravaScienceCenter	Halophila stipulacea	15-Aug-2019	Epiphytic metagenome sample from Halophila stipulacea in a mesocosm experiment. Source site SB, treatment CTN, T0, biological replicate 1	epiphytic metagenome	water	30.77 N 35.24 E	marine seagrass meadow	mesocosm experiment	SB	CTN	0.0	AS2011
AS2076	biological replicate 1	Epiphytic metagenome sample from Halophila stipulacea in a mesocosm experiment. Source site TY, treatment TN, T3, biological replicate 1	Israel:Hatzeva,DeadSeaAndAravaScienceCenter	Halophila stipulacea	08-Sep-2019	Epiphytic metagenome sample from Halophila stipulacea in a mesocosm experiment. Source site TY, treatment TN, T3, biological replicate 1	epiphytic metagenome	water	30.77 N 35.24 E	marine seagrass meadow	mesocosm experiment	TY	TN	3.0	AS2076
AS2120	biological replicate 1	Epiphytic metagenome sample from Halophila stipulacea in a mesocosm experiment. Source site TY, treatment TN, T5, biological replicate 1	Israel:Hatzeva,DeadSeaAndAravaScienceCenter	Halophila stipulacea	22-Sep-2019	Epiphytic metagenome sample from Halophila stipulacea in a mesocosm experiment. Source site TY, treatment TN, T5, biological replicate 1	epiphytic metagenome	water	30.77 N 35.24 E	marine seagrass meadow	mesocosm experiment	TY	TN	5.0	AS2120
AS2114	biological replicate 1	Epiphytic metagenome sample from Halophila stipulacea in a mesocosm experiment. Source site SB, treatment TN, T5, biological replicate 1	Israel:Hatzeva,DeadSeaAndAravaScienceCenter	Halophila stipulacea	22-Sep-2019	Epiphytic metagenome sample from Halophila stipulacea in a mesocosm experiment. Source site SB, treatment TN, T5, biological replicate 1	epiphytic metagenome	water	30.77 N 35.24 E	marine seagrass meadow	mesocosm experiment	SB	TN	5.0	AS2114
AS2053	biological replicate 1	Epiphytic metagenome sample from Halophila stipulacea in a mesocosm experiment. Source site TY, treatment CTN, T3, biological replicate 1	Israel:Hatzeva,DeadSeaAndAravaScienceCenter	Halophila stipulacea	08-Sep-2019	Epiphytic metagenome sample from Halophila stipulacea in a mesocosm experiment. Source site TY, treatment CTN, T3, biological replicate 1	epiphytic metagenome	water	30.77 N 35.24 E	marine seagrass meadow	mesocosm experiment	TY	CTN	3.0	AS2053
AS2033	biological replicate 1	Epiphytic metagenome sample from Halophila stipulacea in a mesocosm experiment. Source site TY, treatment TN, T0, biological replicate 1	Israel:Hatzeva,DeadSeaAndAravaScienceCenter	Halophila stipulacea	15-Aug-2019	Epiphytic metagenome sample from Halophila stipulacea in a mesocosm experiment. Source site TY, treatment TN, T0, biological replicate 1	epiphytic metagenome	water	30.77 N 35.24 E	marine seagrass meadow	mesocosm experiment	TY	TN	0.0	AS2033
AS2140	biological replicate 1	Epiphytic metagenome sample from Halophila stipulacea in a mesocosm experiment. Source site TY, treatment CTN, T8, biological replicate 1	Israel:Hatzeva,DeadSeaAndAravaScienceCenter	Halophila stipulacea	13-Oct-2019	Epiphytic metagenome sample from Halophila stipulacea in a mesocosm experiment. Source site TY, treatment CTN, T8, biological replicate 1	epiphytic metagenome	water	30.77 N 35.24 E	marine seagrass meadow	mesocosm experiment	TY	CTN	8.0	AS2140
AS2082	biological replicate 1	Epiphytic metagenome sample from Halophila stipulacea in a mesocosm experiment. Source site SB, treatment CTCN, T5, biological replicate 1	Israel:Hatzeva,DeadSeaAndAravaScienceCenter	Halophila stipulacea	22-Sep-2019	Epiphytic metagenome sample from Halophila stipulacea in a mesocosm experiment. Source site SB, treatment CTCN, T5, biological replicate 1	epiphytic metagenome	water	30.77 N 35.24 E	marine seagrass meadow	mesocosm experiment	SB	CTCN	5.0	AS2082
AS2110	biological replicate 2	Epiphytic metagenome sample from Halophila stipulacea in a mesocosm experiment. Source site SB, treatment TCN, T5, biological replicate 2	Israel:Hatzeva,DeadSeaAndAravaScienceCenter	Halophila stipulacea	22-Sep-2019	Epiphytic metagenome sample from Halophila stipulacea in a mesocosm experiment. Source site SB, treatment TCN, T5, biological replicate 2	epiphytic metagenome	water	30.77 N 35.24 E	marine seagrass meadow	mesocosm experiment	SB	TCN	5.0	AS2110
AS2086	biological replicate 2	Epiphytic metagenome sample from Halophila stipulacea in a mesocosm experiment. Source site SB, treatment CTCN, T5, biological replicate 2	Israel:Hatzeva,DeadSeaAndAravaScienceCenter	Halophila stipulacea	22-Sep-2019	Epiphytic metagenome sample from Halophila stipulacea in a mesocosm experiment. Source site SB, treatment CTCN, T5, biological replicate 2	epiphytic metagenome	water	30.77 N 35.24 E	marine seagrass meadow	mesocosm experiment	SB	CTCN	5.0	AS2086
AS2080	biological replicate 2	Epiphytic metagenome sample from Halophila stipulacea in a mesocosm experiment. Source site TY, treatment TN, T3, biological replicate 2	Israel:Hatzeva,DeadSeaAndAravaScienceCenter	Halophila stipulacea	08-Sep-2019	Epiphytic metagenome sample from Halophila stipulacea in a mesocosm experiment. Source site TY, treatment TN, T3, biological replicate 2	epiphytic metagenome	water	30.77 N 35.24 E	marine seagrass meadow	mesocosm experiment	TY	TN	3.0	AS2080
AS2128	biological replicate 1	Epiphytic metagenome sample from Halophila stipulacea in a mesocosm experiment. Source site TY, treatment CTCN, T8, biological replicate 1	Israel:Hatzeva,DeadSeaAndAravaScienceCenter	Halophila stipulacea	13-Oct-2019	Epiphytic metagenome sample from Halophila stipulacea in a mesocosm experiment. Source site TY, treatment CTCN, T8, biological replicate 1	epiphytic metagenome	water	30.77 N 35.24 E	marine seagrass meadow	mesocosm experiment	TY	CTCN	8.0	AS2128
AS2057	biological replicate 2	Epiphytic metagenome sample from Halophila stipulacea in a mesocosm experiment. Source site TY, treatment CTN, T3, biological replicate 2	Israel:Hatzeva,DeadSeaAndAravaScienceCenter	Halophila stipulacea	08-Sep-2019	Epiphytic metagenome sample from Halophila stipulacea in a mesocosm experiment. Source site TY, treatment CTN, T3, biological replicate 2	epiphytic metagenome	water	30.77 N 35.24 E	marine seagrass meadow	mesocosm experiment	TY	CTN	3.0	AS2057
AS2029	biological replicate 1	Epiphytic metagenome sample from Halophila stipulacea in a mesocosm experiment. Source site TY, treatment TCN, T0, biological replicate 1	Israel:Hatzeva,DeadSeaAndAravaScienceCenter	Halophila stipulacea	15-Aug-2019	Epiphytic metagenome sample from Halophila stipulacea in a mesocosm experiment. Source site TY, treatment TCN, T0, biological replicate 1	epiphytic metagenome	water	30.77 N 35.24 E	marine seagrass meadow	mesocosm experiment	TY	TCN	0.0	AS2029
AS2127	biological replicate 1	Epiphytic metagenome sample from Halophila stipulacea in a mesocosm experiment. Source site SB, treatment CTCN, T8, biological replicate 1	Israel:Hatzeva,DeadSeaAndAravaScienceCenter	Halophila stipulacea	13-Oct-2019	Epiphytic metagenome sample from Halophila stipulacea in a mesocosm experiment. Source site SB, treatment CTCN, T8, biological replicate 1	epiphytic metagenome	water	30.77 N 35.24 E	marine seagrass meadow	mesocosm experiment	SB	CTCN	8.0	AS2127
AS2050	biological replicate 1	Epiphytic metagenome sample from Halophila stipulacea in a mesocosm experiment. Source site SB, treatment CTCN, T3, biological replicate 1	Israel:Hatzeva,DeadSeaAndAravaScienceCenter	Halophila stipulacea	08-Sep-2019	Epiphytic metagenome sample from Halophila stipulacea in a mesocosm experiment. Source site SB, treatment CTCN, T3, biological replicate 1	epiphytic metagenome	water	30.77 N 35.24 E	marine seagrass meadow	mesocosm experiment	SB	CTCN	3.0	AS2050
AS2010	biological replicate 2	Epiphytic metagenome sample from Halophila stipulacea in a mesocosm experiment. Source site SB, treatment CTCN, T0, biological replicate 2	Israel:Hatzeva,DeadSeaAndAravaScienceCenter	Halophila stipulacea	15-Aug-2019	Epiphytic metagenome sample from Halophila stipulacea in a mesocosm experiment. Source site SB, treatment CTCN, T0, biological replicate 2	epiphytic metagenome	water	30.77 N 35.24 E	marine seagrass meadow	mesocosm experiment	SB	CTCN	0.0	AS2010
AS2116	biological replicate 2	Epiphytic metagenome sample from Halophila stipulacea in a mesocosm experiment. Source site TY, treatment TN, T5, biological replicate 2	Israel:Hatzeva,DeadSeaAndAravaScienceCenter	Halophila stipulacea	22-Sep-2019	Epiphytic metagenome sample from Halophila stipulacea in a mesocosm experiment. Source site TY, treatment TN, T5, biological replicate 2	epiphytic metagenome	water	30.77 N 35.24 E	marine seagrass meadow	mesocosm experiment	TY	TN	5.0	AS2116
AS2136	biological replicate 2	Epiphytic metagenome sample from Halophila stipulacea in a mesocosm experiment. Source site TY, treatment CTN, T8, biological replicate 2	Israel:Hatzeva,DeadSeaAndAravaScienceCenter	Halophila stipulacea	13-Oct-2019	Epiphytic metagenome sample from Halophila stipulacea in a mesocosm experiment. Source site TY, treatment CTN, T8, biological replicate 2	epiphytic metagenome	water	30.77 N 35.24 E	marine seagrass meadow	mesocosm experiment	TY	CTN	8.0	AS2136
AS2016	biological replicate 1	Epiphytic metagenome sample from Halophila stipulacea in a mesocosm experiment. Source site TY, treatment CTN, T0, biological replicate 1	Israel:Hatzeva,DeadSeaAndAravaScienceCenter	Halophila stipulacea	15-Aug-2019	Epiphytic metagenome sample from Halophila stipulacea in a mesocosm experiment. Source site TY, treatment CTN, T0, biological replicate 1	epiphytic metagenome	water	30.77 N 35.24 E	marine seagrass meadow	mesocosm experiment	TY	CTN	0.0	AS2016
AS2083	biological replicate 3	Epiphytic metagenome sample from Halophila stipulacea in a mesocosm experiment. Source site SB, treatment CTCN, T5, biological replicate 3	Israel:Hatzeva,DeadSeaAndAravaScienceCenter	Halophila stipulacea	22-Sep-2019	Epiphytic metagenome sample from Halophila stipulacea in a mesocosm experiment. Source site SB, treatment CTCN, T5, biological replicate 3	epiphytic metagenome	water	30.77 N 35.24 E	marine seagrass meadow	mesocosm experiment	SB	CTCN	5.0	AS2083
AS2087	biological replicate 4	Epiphytic metagenome sample from Halophila stipulacea in a mesocosm experiment. Source site SB, treatment CTCN, T5, biological replicate 4	Israel:Hatzeva,DeadSeaAndAravaScienceCenter	Halophila stipulacea	22-Sep-2019	Epiphytic metagenome sample from Halophila stipulacea in a mesocosm experiment. Source site SB, treatment CTCN, T5, biological replicate 4	epiphytic metagenome	water	30.77 N 35.24 E	marine seagrass meadow	mesocosm experiment	SB	CTCN	5.0	AS2087
AS2045	biological replicate 1	Epiphytic metagenome sample from Halophila stipulacea in a mesocosm experiment. Source site TY, treatment CTCN, T3, biological replicate 1	Israel:Hatzeva,DeadSeaAndAravaScienceCenter	Halophila stipulacea	08-Sep-2019	Epiphytic metagenome sample from Halophila stipulacea in a mesocosm experiment. Source site TY, treatment CTCN, T3, biological replicate 1	epiphytic metagenome	water	30.77 N 35.24 E	marine seagrass meadow	mesocosm experiment	TY	CTCN	3.0	AS2045
AS2139	biological replicate 1	Epiphytic metagenome sample from Halophila stipulacea in a mesocosm experiment. Source site SB, treatment CTN, T8, biological replicate 1	Israel:Hatzeva,DeadSeaAndAravaScienceCenter	Halophila stipulacea	13-Oct-2019	Epiphytic metagenome sample from Halophila stipulacea in a mesocosm experiment. Source site SB, treatment CTN, T8, biological replicate 1	epiphytic metagenome	water	30.77 N 35.24 E	marine seagrass meadow	mesocosm experiment	SB	CTN	8.0	AS2139
AS2130	biological replicate 2	Epiphytic metagenome sample from Halophila stipulacea in a mesocosm experiment. Source site SB, treatment CTCN, T8, biological replicate 2	Israel:Hatzeva,DeadSeaAndAravaScienceCenter	Halophila stipulacea	13-Oct-2019	Epiphytic metagenome sample from Halophila stipulacea in a mesocosm experiment. Source site SB, treatment CTCN, T8, biological replicate 2	epiphytic metagenome	water	30.77 N 35.24 E	marine seagrass meadow	mesocosm experiment	SB	CTCN	8.0	AS2130
AS2024	biological replicate 2	Epiphytic metagenome sample from Halophila stipulacea in a mesocosm experiment. Source site TY, treatment TCN, T0, biological replicate 2	Israel:Hatzeva,DeadSeaAndAravaScienceCenter	Halophila stipulacea	15-Aug-2019	Epiphytic metagenome sample from Halophila stipulacea in a mesocosm experiment. Source site TY, treatment TCN, T0, biological replicate 2	epiphytic metagenome	water	30.77 N 35.24 E	marine seagrass meadow	mesocosm experiment	TY	TCN	0.0	AS2024
AS2025	biological replicate 3	Epiphytic metagenome sample from Halophila stipulacea in a mesocosm experiment. Source site TY, treatment TCN, T0, biological replicate 3	Israel:Hatzeva,DeadSeaAndAravaScienceCenter	Halophila stipulacea	15-Aug-2019	Epiphytic metagenome sample from Halophila stipulacea in a mesocosm experiment. Source site TY, treatment TCN, T0, biological replicate 3	epiphytic metagenome	water	30.77 N 35.24 E	marine seagrass meadow	mesocosm experiment	TY	TCN	0.0	AS2025
AS2135	biological replicate 2	Epiphytic metagenome sample from Halophila stipulacea in a mesocosm experiment. Source site SB, treatment CTN, T8, biological replicate 2	Israel:Hatzeva,DeadSeaAndAravaScienceCenter	Halophila stipulacea	13-Oct-2019	Epiphytic metagenome sample from Halophila stipulacea in a mesocosm experiment. Source site SB, treatment CTN, T8, biological replicate 2	epiphytic metagenome	water	30.77 N 35.24 E	marine seagrass meadow	mesocosm experiment	SB	CTN	8.0	AS2135
AS2143	biological replicate 1	Epiphytic metagenome sample from Halophila stipulacea in a mesocosm experiment. Source site SB, treatment TCN, T8, biological replicate 1	Israel:Hatzeva,DeadSeaAndAravaScienceCenter	Halophila stipulacea	13-Oct-2019	Epiphytic metagenome sample from Halophila stipulacea in a mesocosm experiment. Source site SB, treatment TCN, T8, biological replicate 1	epiphytic metagenome	water	30.77 N 35.24 E	marine seagrass meadow	mesocosm experiment	SB	TCN	8.0	AS2143
AS2126	biological replicate 3	Epiphytic metagenome sample from Halophila stipulacea in a mesocosm experiment. Source site SB, treatment CTCN, T8, biological replicate 3	Israel:Hatzeva,DeadSeaAndAravaScienceCenter	Halophila stipulacea	13-Oct-2019	Epiphytic metagenome sample from Halophila stipulacea in a mesocosm experiment. Source site SB, treatment CTCN, T8, biological replicate 3	epiphytic metagenome	water	30.77 N 35.24 E	marine seagrass meadow	mesocosm experiment	SB	CTCN	8.0	AS2126
AS2093	biological replicate 1	Epiphytic metagenome sample from Halophila stipulacea in a mesocosm experiment. Source site TY, treatment CTN, T5, biological replicate 1	Israel:Hatzeva,DeadSeaAndAravaScienceCenter	Halophila stipulacea	22-Sep-2019	Epiphytic metagenome sample from Halophila stipulacea in a mesocosm experiment. Source site TY, treatment CTN, T5, biological replicate 1	epiphytic metagenome	water	30.77 N 35.24 E	marine seagrass meadow	mesocosm experiment	TY	CTN	5.0	AS2093
AS2064	biological replicate 1	Epiphytic metagenome sample from Halophila stipulacea in a mesocosm experiment. Source site TY, treatment TCN, T3, biological replicate 1	Israel:Hatzeva,DeadSeaAndAravaScienceCenter	Halophila stipulacea	08-Sep-2019	Epiphytic metagenome sample from Halophila stipulacea in a mesocosm experiment. Source site TY, treatment TCN, T3, biological replicate 1	epiphytic metagenome	water	30.77 N 35.24 E	marine seagrass meadow	mesocosm experiment	TY	TCN	3.0	AS2064
AS2119	biological replicate 2	Epiphytic metagenome sample from Halophila stipulacea in a mesocosm experiment. Source site SB, treatment TN, T5, biological replicate 2	Israel:Hatzeva,DeadSeaAndAravaScienceCenter	Halophila stipulacea	22-Sep-2019	Epiphytic metagenome sample from Halophila stipulacea in a mesocosm experiment. Source site SB, treatment TN, T5, biological replicate 2	epiphytic metagenome	water	30.77 N 35.24 E	marine seagrass meadow	mesocosm experiment	SB	TN	5.0	AS2119
AS2092	biological replicate 2	Epiphytic metagenome sample from Halophila stipulacea in a mesocosm experiment. Source site TY, treatment CTN, T5, biological replicate 2	Israel:Hatzeva,DeadSeaAndAravaScienceCenter	Halophila stipulacea	22-Sep-2019	Epiphytic metagenome sample from Halophila stipulacea in a mesocosm experiment. Source site TY, treatment CTN, T5, biological replicate 2	epiphytic metagenome	water	30.77 N 35.24 E	marine seagrass meadow	mesocosm experiment	TY	CTN	5.0	AS2092
AS2081	biological replicate 1	Epiphytic metagenome sample from Halophila stipulacea in a mesocosm experiment. Source site TY, treatment CTCN, T5, biological replicate 1	Israel:Hatzeva,DeadSeaAndAravaScienceCenter	Halophila stipulacea	22-Sep-2019	Epiphytic metagenome sample from Halophila stipulacea in a mesocosm experiment. Source site TY, treatment CTCN, T5, biological replicate 1	epiphytic metagenome	water	30.77 N 35.24 E	marine seagrass meadow	mesocosm experiment	TY	CTCN	5.0	AS2081
AS2124	biological replicate 2	Epiphytic metagenome sample from Halophila stipulacea in a mesocosm experiment. Source site TY, treatment CTCN, T8, biological replicate 2	Israel:Hatzeva,DeadSeaAndAravaScienceCenter	Halophila stipulacea	13-Oct-2019	Epiphytic metagenome sample from Halophila stipulacea in a mesocosm experiment. Source site TY, treatment CTCN, T8, biological replicate 2	epiphytic metagenome	water	30.77 N 35.24 E	marine seagrass meadow	mesocosm experiment	TY	CTCN	8.0	AS2124
AS2146	biological replicate 2	Epiphytic metagenome sample from Halophila stipulacea in a mesocosm experiment. Source site SB, treatment TCN, T8, biological replicate 2	Israel:Hatzeva,DeadSeaAndAravaScienceCenter	Halophila stipulacea	13-Oct-2019	Epiphytic metagenome sample from Halophila stipulacea in a mesocosm experiment. Source site SB, treatment TCN, T8, biological replicate 2	epiphytic metagenome	water	30.77 N 35.24 E	marine seagrass meadow	mesocosm experiment	SB	TCN	8.0	AS2146
AS2035	biological replicate 1	Epiphytic metagenome sample from Halophila stipulacea in a mesocosm experiment. Source site SB, treatment TN, T0, biological replicate 1	Israel:Hatzeva,DeadSeaAndAravaScienceCenter	Halophila stipulacea	15-Aug-2019	Epiphytic metagenome sample from Halophila stipulacea in a mesocosm experiment. Source site SB, treatment TN, T0, biological replicate 1	epiphytic metagenome	water	30.77 N 35.24 E	marine seagrass meadow	mesocosm experiment	SB	TN	0.0	AS2035
AS2100	biological replicate 3	Epiphytic metagenome sample from Halophila stipulacea in a mesocosm experiment. Source site TY, treatment CTN, T5, biological replicate 3	Israel:Hatzeva,DeadSeaAndAravaScienceCenter	Halophila stipulacea	22-Sep-2019	Epiphytic metagenome sample from Halophila stipulacea in a mesocosm experiment. Source site TY, treatment CTN, T5, biological replicate 3	epiphytic metagenome	water	30.77 N 35.24 E	marine seagrass meadow	mesocosm experiment	TY	CTN	5.0	AS2100
AS2158	biological replicate 1	Epiphytic metagenome sample from Halophila stipulacea in a mesocosm experiment. Source site SB, treatment TN, T8, biological replicate 1	Israel:Hatzeva,DeadSeaAndAravaScienceCenter	Halophila stipulacea	13-Oct-2019	Epiphytic metagenome sample from Halophila stipulacea in a mesocosm experiment. Source site SB, treatment TN, T8, biological replicate 1	epiphytic metagenome	water	30.77 N 35.24 E	marine seagrass meadow	mesocosm experiment	SB	TN	8.0	AS2158
AS2157	biological replicate 1	Epiphytic metagenome sample from Halophila stipulacea in a mesocosm experiment. Source site TY, treatment TN, T8, biological replicate 1	Israel:Hatzeva,DeadSeaAndAravaScienceCenter	Halophila stipulacea	13-Oct-2019	Epiphytic metagenome sample from Halophila stipulacea in a mesocosm experiment. Source site TY, treatment TN, T8, biological replicate 1	epiphytic metagenome	water	30.77 N 35.24 E	marine seagrass meadow	mesocosm experiment	TY	TN	8.0	AS2157
AS2013	biological replicate 2	Epiphytic metagenome sample from Halophila stipulacea in a mesocosm experiment. Source site TY, treatment CTN, T0, biological replicate 2	Israel:Hatzeva,DeadSeaAndAravaScienceCenter	Halophila stipulacea	15-Aug-2019	Epiphytic metagenome sample from Halophila stipulacea in a mesocosm experiment. Source site TY, treatment CTN, T0, biological replicate 2	epiphytic metagenome	water	30.77 N 35.24 E	marine seagrass meadow	mesocosm experiment	TY	CTN	0.0	AS2013
AS2023	biological replicate 1	Epiphytic metagenome sample from Halophila stipulacea in a mesocosm experiment. Source site SB, treatment TCN, T0, biological replicate 1	Israel:Hatzeva,DeadSeaAndAravaScienceCenter	Halophila stipulacea	15-Aug-2019	Epiphytic metagenome sample from Halophila stipulacea in a mesocosm experiment. Source site SB, treatment TCN, T0, biological replicate 1	epiphytic metagenome	water	30.77 N 35.24 E	marine seagrass meadow	mesocosm experiment	SB	TCN	0.0	AS2023
AS2098	biological replicate 1	Epiphytic metagenome sample from Halophila stipulacea in a mesocosm experiment. Source site SB, treatment CTN, T5, biological replicate 1	Israel:Hatzeva,DeadSeaAndAravaScienceCenter	Halophila stipulacea	22-Sep-2019	Epiphytic metagenome sample from Halophila stipulacea in a mesocosm experiment. Source site SB, treatment CTN, T5, biological replicate 1	epiphytic metagenome	water	30.77 N 35.24 E	marine seagrass meadow	mesocosm experiment	SB	CTN	5.0	AS2098
AS2014	biological replicate 2	Epiphytic metagenome sample from Halophila stipulacea in a mesocosm experiment. Source site SB, treatment CTN, T0, biological replicate 2	Israel:Hatzeva,DeadSeaAndAravaScienceCenter	Halophila stipulacea	15-Aug-2019	Epiphytic metagenome sample from Halophila stipulacea in a mesocosm experiment. Source site SB, treatment CTN, T0, biological replicate 2	epiphytic metagenome	water	30.77 N 35.24 E	marine seagrass meadow	mesocosm experiment	SB	CTN	0.0	AS2014
AS2070	biological replicate 2	Epiphytic metagenome sample from Halophila stipulacea in a mesocosm experiment. Source site SB, treatment TCN, T3, biological replicate 2	Israel:Hatzeva,DeadSeaAndAravaScienceCenter	Halophila stipulacea	08-Sep-2019	Epiphytic metagenome sample from Halophila stipulacea in a mesocosm experiment. Source site SB, treatment TCN, T3, biological replicate 2	epiphytic metagenome	water	30.77 N 35.24 E	marine seagrass meadow	mesocosm experiment	SB	TCN	3.0	AS2070
AS2006	biological replicate 3	Epiphytic metagenome sample from Halophila stipulacea in a mesocosm experiment. Source site SB, treatment CTCN, T0, biological replicate 3	Israel:Hatzeva,DeadSeaAndAravaScienceCenter	Halophila stipulacea	15-Aug-2019	Epiphytic metagenome sample from Halophila stipulacea in a mesocosm experiment. Source site SB, treatment CTCN, T0, biological replicate 3	epiphytic metagenome	water	30.77 N 35.24 E	marine seagrass meadow	mesocosm experiment	SB	CTCN	0.0	AS2006
AS2137	biological replicate 3	Epiphytic metagenome sample from Halophila stipulacea in a mesocosm experiment. Source site TY, treatment CTN, T8, biological replicate 3	Israel:Hatzeva,DeadSeaAndAravaScienceCenter	Halophila stipulacea	13-Oct-2019	Epiphytic metagenome sample from Halophila stipulacea in a mesocosm experiment. Source site TY, treatment CTN, T8, biological replicate 3	epiphytic metagenome	water	30.77 N 35.24 E	marine seagrass meadow	mesocosm experiment	TY	CTN	8.0	AS2137
AS2089	biological replicate 2	Epiphytic metagenome sample from Halophila stipulacea in a mesocosm experiment. Source site TY, treatment CTCN, T5, biological replicate 2	Israel:Hatzeva,DeadSeaAndAravaScienceCenter	Halophila stipulacea	22-Sep-2019	Epiphytic metagenome sample from Halophila stipulacea in a mesocosm experiment. Source site TY, treatment CTCN, T5, biological replicate 2	epiphytic metagenome	water	30.77 N 35.24 E	marine seagrass meadow	mesocosm experiment	TY	CTCN	5.0	AS2089
AS2027	biological replicate 2	Epiphytic metagenome sample from Halophila stipulacea in a mesocosm experiment. Source site SB, treatment TCN, T0, biological replicate 2	Israel:Hatzeva,DeadSeaAndAravaScienceCenter	Halophila stipulacea	15-Aug-2019	Epiphytic metagenome sample from Halophila stipulacea in a mesocosm experiment. Source site SB, treatment TCN, T0, biological replicate 2	epiphytic metagenome	water	30.77 N 35.24 E	marine seagrass meadow	mesocosm experiment	SB	TCN	0.0	AS2027
AS2054	biological replicate 1	Epiphytic metagenome sample from Halophila stipulacea in a mesocosm experiment. Source site SB, treatment CTN, T3, biological replicate 1	Israel:Hatzeva,DeadSeaAndAravaScienceCenter	Halophila stipulacea	08-Sep-2019	Epiphytic metagenome sample from Halophila stipulacea in a mesocosm experiment. Source site SB, treatment CTN, T3, biological replicate 1	epiphytic metagenome	water	30.77 N 35.24 E	marine seagrass meadow	mesocosm experiment	SB	CTN	3.0	AS2054
AS2138	biological replicate 3	Epiphytic metagenome sample from Halophila stipulacea in a mesocosm experiment. Source site SB, treatment CTN, T8, biological replicate 3	Israel:Hatzeva,DeadSeaAndAravaScienceCenter	Halophila stipulacea	13-Oct-2019	Epiphytic metagenome sample from Halophila stipulacea in a mesocosm experiment. Source site SB, treatment CTN, T8, biological replicate 3	epiphytic metagenome	water	30.77 N 35.24 E	marine seagrass meadow	mesocosm experiment	SB	CTN	8.0	AS2138
AS2026	biological replicate 3	Epiphytic metagenome sample from Halophila stipulacea in a mesocosm experiment. Source site SB, treatment TCN, T0, biological replicate 3	Israel:Hatzeva,DeadSeaAndAravaScienceCenter	Halophila stipulacea	15-Aug-2019	Epiphytic metagenome sample from Halophila stipulacea in a mesocosm experiment. Source site SB, treatment TCN, T0, biological replicate 3	epiphytic metagenome	water	30.77 N 35.24 E	marine seagrass meadow	mesocosm experiment	SB	TCN	0.0	AS2026
AS2036	biological replicate 2	Epiphytic metagenome sample from Halophila stipulacea in a mesocosm experiment. Source site TY, treatment TN, T0, biological replicate 2	Israel:Hatzeva,DeadSeaAndAravaScienceCenter	Halophila stipulacea	15-Aug-2019	Epiphytic metagenome sample from Halophila stipulacea in a mesocosm experiment. Source site TY, treatment TN, T0, biological replicate 2	epiphytic metagenome	water	30.77 N 35.24 E	marine seagrass meadow	mesocosm experiment	TY	TN	0.0	AS2036
AS2069	biological replicate 2	Epiphytic metagenome sample from Halophila stipulacea in a mesocosm experiment. Source site TY, treatment TCN, T3, biological replicate 2	Israel:Hatzeva,DeadSeaAndAravaScienceCenter	Halophila stipulacea	08-Sep-2019	Epiphytic metagenome sample from Halophila stipulacea in a mesocosm experiment. Source site TY, treatment TCN, T3, biological replicate 2	epiphytic metagenome	water	30.77 N 35.24 E	marine seagrass meadow	mesocosm experiment	TY	TCN	3.0	AS2069
AS2156	biological replicate 2	Epiphytic metagenome sample from Halophila stipulacea in a mesocosm experiment. Source site TY, treatment TN, T8, biological replicate 2	Israel:Hatzeva,DeadSeaAndAravaScienceCenter	Halophila stipulacea	13-Oct-2019	Epiphytic metagenome sample from Halophila stipulacea in a mesocosm experiment. Source site TY, treatment TN, T8, biological replicate 2	epiphytic metagenome	water	30.77 N 35.24 E	marine seagrass meadow	mesocosm experiment	TY	TN	8.0	AS2156
AS2131	biological replicate 4	Epiphytic metagenome sample from Halophila stipulacea in a mesocosm experiment. Source site SB, treatment CTN, T8, biological replicate 4	Israel:Hatzeva,DeadSeaAndAravaScienceCenter	Halophila stipulacea	13-Oct-2019	Epiphytic metagenome sample from Halophila stipulacea in a mesocosm experiment. Source site SB, treatment CTN, T8, biological replicate 4	epiphytic metagenome	water	30.77 N 35.24 E	marine seagrass meadow	mesocosm experiment	SB	CTN	8.0	AS2131
AS2079	biological replicate 1	Epiphytic metagenome sample from Halophila stipulacea in a mesocosm experiment. Source site SB, treatment TN, T3, biological replicate 1	Israel:Hatzeva,DeadSeaAndAravaScienceCenter	Halophila stipulacea	08-Sep-2019	Epiphytic metagenome sample from Halophila stipulacea in a mesocosm experiment. Source site SB, treatment TN, T3, biological replicate 1	epiphytic metagenome	water	30.77 N 35.24 E	marine seagrass meadow	mesocosm experiment	SB	TN	3.0	AS2079
AS2145	biological replicate 1	Epiphytic metagenome sample from Halophila stipulacea in a mesocosm experiment. Source site TY, treatment TCN, T8, biological replicate 1	Israel:Hatzeva,DeadSeaAndAravaScienceCenter	Halophila stipulacea	13-Oct-2019	Epiphytic metagenome sample from Halophila stipulacea in a mesocosm experiment. Source site TY, treatment TCN, T8, biological replicate 1	epiphytic metagenome	water	30.77 N 35.24 E	marine seagrass meadow	mesocosm experiment	TY	TCN	8.0	AS2145
AS2154	biological replicate 2	Epiphytic metagenome sample from Halophila stipulacea in a mesocosm experiment. Source site SB, treatment TN, T8, biological replicate 2	Israel:Hatzeva,DeadSeaAndAravaScienceCenter	Halophila stipulacea	13-Oct-2019	Epiphytic metagenome sample from Halophila stipulacea in a mesocosm experiment. Source site SB, treatment TN, T8, biological replicate 2	epiphytic metagenome	water	30.77 N 35.24 E	marine seagrass meadow	mesocosm experiment	SB	TN	8.0	AS2154
AS2121	biological replicate 3	Epiphytic metagenome sample from Halophila stipulacea in a mesocosm experiment. Source site TY, treatment CTCN, T8, biological replicate 3	Israel:Hatzeva,DeadSeaAndAravaScienceCenter	Halophila stipulacea	13-Oct-2019	Epiphytic metagenome sample from Halophila stipulacea in a mesocosm experiment. Source site TY, treatment CTCN, T8, biological replicate 3	epiphytic metagenome	water	30.77 N 35.24 E	marine seagrass meadow	mesocosm experiment	TY	CTCN	8.0	AS2121
AS2088	biological replicate 3	Epiphytic metagenome sample from Halophila stipulacea in a mesocosm experiment. Source site TY, treatment CTCN, T5, biological replicate 3	Israel:Hatzeva,DeadSeaAndAravaScienceCenter	Halophila stipulacea	22-Sep-2019	Epiphytic metagenome sample from Halophila stipulacea in a mesocosm experiment. Source site TY, treatment CTCN, T5, biological replicate 3	epiphytic metagenome	water	30.77 N 35.24 E	marine seagrass meadow	mesocosm experiment	TY	CTCN	5.0	AS2088
AS2041	biological replicate 2	Epiphytic metagenome sample from Halophila stipulacea in a mesocosm experiment. Source site TY, treatment CTCN, T3, biological replicate 2	Israel:Hatzeva,DeadSeaAndAravaScienceCenter	Halophila stipulacea	08-Sep-2019	Epiphytic metagenome sample from Halophila stipulacea in a mesocosm experiment. Source site TY, treatment CTCN, T3, biological replicate 2	epiphytic metagenome	water	30.77 N 35.24 E	marine seagrass meadow	mesocosm experiment	TY	CTCN	3.0	AS2041
AS2015	biological replicate 3	Epiphytic metagenome sample from Halophila stipulacea in a mesocosm experiment. Source site SB, treatment CTN, T0, biological replicate 3	Israel:Hatzeva,DeadSeaAndAravaScienceCenter	Halophila stipulacea	15-Aug-2019	Epiphytic metagenome sample from Halophila stipulacea in a mesocosm experiment. Source site SB, treatment CTN, T0, biological replicate 3	epiphytic metagenome	water	30.77 N 35.24 E	marine seagrass meadow	mesocosm experiment	SB	CTN	0.0	AS2015
AS2048	biological replicate 3	Epiphytic metagenome sample from Halophila stipulacea in a mesocosm experiment. Source site TY, treatment CTCN, T3, biological replicate 3	Israel:Hatzeva,DeadSeaAndAravaScienceCenter	Halophila stipulacea	08-Sep-2019	Epiphytic metagenome sample from Halophila stipulacea in a mesocosm experiment. Source site TY, treatment CTCN, T3, biological replicate 3	epiphytic metagenome	water	30.77 N 35.24 E	marine seagrass meadow	mesocosm experiment	TY	CTCN	3.0	AS2048
AS2002	biological replicate 4	Epiphytic metagenome sample from Halophila stipulacea in a mesocosm experiment. Source site SB, treatment CTCN, T0, biological replicate 4	Israel:Hatzeva,DeadSeaAndAravaScienceCenter	Halophila stipulacea	15-Aug-2019	Epiphytic metagenome sample from Halophila stipulacea in a mesocosm experiment. Source site SB, treatment CTCN, T0, biological replicate 4	epiphytic metagenome	water	30.77 N 35.24 E	marine seagrass meadow	mesocosm experiment	SB	CTCN	0.0	AS2002
AS2155	biological replicate 3	Epiphytic metagenome sample from Halophila stipulacea in a mesocosm experiment. Source site SB, treatment TN, T8, biological replicate 3	Israel:Hatzeva,DeadSeaAndAravaScienceCenter	Halophila stipulacea	13-Oct-2019	Epiphytic metagenome sample from Halophila stipulacea in a mesocosm experiment. Source site SB, treatment TN, T8, biological replicate 3	epiphytic metagenome	water	30.77 N 35.24 E	marine seagrass meadow	mesocosm experiment	SB	TN	8.0	AS2155
AS2095	biological replicate 2	Epiphytic metagenome sample from Halophila stipulacea in a mesocosm experiment. Source site SB, treatment CTN, T5, biological replicate 2	Israel:Hatzeva,DeadSeaAndAravaScienceCenter	Halophila stipulacea	22-Sep-2019	Epiphytic metagenome sample from Halophila stipulacea in a mesocosm experiment. Source site SB, treatment CTN, T5, biological replicate 2	epiphytic metagenome	water	30.77 N 35.24 E	marine seagrass meadow	mesocosm experiment	SB	CTN	5.0	AS2095
AS2034	biological replicate 2	Epiphytic metagenome sample from Halophila stipulacea in a mesocosm experiment. Source site SB, treatment TN, T0, biological replicate 2	Israel:Hatzeva,DeadSeaAndAravaScienceCenter	Halophila stipulacea	15-Aug-2019	Epiphytic metagenome sample from Halophila stipulacea in a mesocosm experiment. Source site SB, treatment TN, T0, biological replicate 2	epiphytic metagenome	water	30.77 N 35.24 E	marine seagrass meadow	mesocosm experiment	SB	TN	0.0	AS2034
AS2144	biological replicate 2	Epiphytic metagenome sample from Halophila stipulacea in a mesocosm experiment. Source site TY, treatment TCN, T8, biological replicate 2	Israel:Hatzeva,DeadSeaAndAravaScienceCenter	Halophila stipulacea	13-Oct-2019	Epiphytic metagenome sample from Halophila stipulacea in a mesocosm experiment. Source site TY, treatment TCN, T8, biological replicate 2	epiphytic metagenome	water	30.77 N 35.24 E	marine seagrass meadow	mesocosm experiment	TY	TCN	8.0	AS2144
AS2104	biological replicate 1	Epiphytic metagenome sample from Halophila stipulacea in a mesocosm experiment. Source site TY, treatment TCN, T5, biological replicate 1	Israel:Hatzeva,DeadSeaAndAravaScienceCenter	Halophila stipulacea	22-Sep-2019	Epiphytic metagenome sample from Halophila stipulacea in a mesocosm experiment. Source site TY, treatment TCN, T5, biological replicate 1	epiphytic metagenome	water	30.77 N 35.24 E	marine seagrass meadow	mesocosm experiment	TY	TCN	5.0	AS2104
AS2028	biological replicate 4	Epiphytic metagenome sample from Halophila stipulacea in a mesocosm experiment. Source site TY, treatment TCN, T0, biological replicate 4	Israel:Hatzeva,DeadSeaAndAravaScienceCenter	Halophila stipulacea	15-Aug-2019	Epiphytic metagenome sample from Halophila stipulacea in a mesocosm experiment. Source site TY, treatment TCN, T0, biological replicate 4	epiphytic metagenome	water	30.77 N 35.24 E	marine seagrass meadow	mesocosm experiment	TY	TCN	0.0	AS2028
AS2125	biological replicate 4	Epiphytic metagenome sample from Halophila stipulacea in a mesocosm experiment. Source site TY, treatment CTCN, T8, biological replicate 4	Israel:Hatzeva,DeadSeaAndAravaScienceCenter	Halophila stipulacea	13-Oct-2019	Epiphytic metagenome sample from Halophila stipulacea in a mesocosm experiment. Source site TY, treatment CTCN, T8, biological replicate 4	epiphytic metagenome	water	30.77 N 35.24 E	marine seagrass meadow	mesocosm experiment	TY	CTCN	8.0	AS2125
AS2038	biological replicate 3	Epiphytic metagenome sample from Halophila stipulacea in a mesocosm experiment. Source site SB, treatment TN, T0, biological replicate 3	Israel:Hatzeva,DeadSeaAndAravaScienceCenter	Halophila stipulacea	15-Aug-2019	Epiphytic metagenome sample from Halophila stipulacea in a mesocosm experiment. Source site SB, treatment TN, T0, biological replicate 3	epiphytic metagenome	water	30.77 N 35.24 E	marine seagrass meadow	mesocosm experiment	SB	TN	0.0	AS2038
AS2068	biological replicate 3	Epiphytic metagenome sample from Halophila stipulacea in a mesocosm experiment. Source site TY, treatment TCN, T3, biological replicate 3	Israel:Hatzeva,DeadSeaAndAravaScienceCenter	Halophila stipulacea	08-Sep-2019	Epiphytic metagenome sample from Halophila stipulacea in a mesocosm experiment. Source site TY, treatment TCN, T3, biological replicate 3	epiphytic metagenome	water	30.77 N 35.24 E	marine seagrass meadow	mesocosm experiment	TY	TCN	3.0	AS2068
AS2019	biological replicate 4	Epiphytic metagenome sample from Halophila stipulacea in a mesocosm experiment. Source site SB, treatment CTN, T0, biological replicate 4	Israel:Hatzeva,DeadSeaAndAravaScienceCenter	Halophila stipulacea	15-Aug-2019	Epiphytic metagenome sample from Halophila stipulacea in a mesocosm experiment. Source site SB, treatment CTN, T0, biological replicate 4	epiphytic metagenome	water	30.77 N 35.24 E	marine seagrass meadow	mesocosm experiment	SB	CTN	0.0	AS2019
AS2018	biological replicate 5	Epiphytic metagenome sample from Halophila stipulacea in a mesocosm experiment. Source site SB, treatment CTN, T0, biological replicate 5	Israel:Hatzeva,DeadSeaAndAravaScienceCenter	Halophila stipulacea	15-Aug-2019	Epiphytic metagenome sample from Halophila stipulacea in a mesocosm experiment. Source site SB, treatment CTN, T0, biological replicate 5	epiphytic metagenome	water	30.77 N 35.24 E	marine seagrass meadow	mesocosm experiment	SB	CTN	0.0	AS2018
AS2051	biological replicate 2	Epiphytic metagenome sample from Halophila stipulacea in a mesocosm experiment. Source site SB, treatment CTN, T3, biological replicate 2	Israel:Hatzeva,DeadSeaAndAravaScienceCenter	Halophila stipulacea	08-Sep-2019	Epiphytic metagenome sample from Halophila stipulacea in a mesocosm experiment. Source site SB, treatment CTN, T3, biological replicate 2	epiphytic metagenome	water	30.77 N 35.24 E	marine seagrass meadow	mesocosm experiment	SB	CTN	3.0	AS2051
AS2160	biological replicate 3	Epiphytic metagenome sample from Halophila stipulacea in a mesocosm experiment. Source site TY, treatment TN, T8, biological replicate 3	Israel:Hatzeva,DeadSeaAndAravaScienceCenter	Halophila stipulacea	13-Oct-2019	Epiphytic metagenome sample from Halophila stipulacea in a mesocosm experiment. Source site TY, treatment TN, T8, biological replicate 3	epiphytic metagenome	water	30.77 N 35.24 E	marine seagrass meadow	mesocosm experiment	TY	TN	8.0	AS2160
AS2060	biological replicate 3	Epiphytic metagenome sample from Halophila stipulacea in a mesocosm experiment. Source site TY, treatment CTN, T3, biological replicate 3	Israel:Hatzeva,DeadSeaAndAravaScienceCenter	Halophila stipulacea	08-Sep-2019	Epiphytic metagenome sample from Halophila stipulacea in a mesocosm experiment. Source site TY, treatment CTN, T3, biological replicate 3	epiphytic metagenome	water	30.77 N 35.24 E	marine seagrass meadow	mesocosm experiment	TY	CTN	3.0	AS2060
AS2059	biological replicate 3	Epiphytic metagenome sample from Halophila stipulacea in a mesocosm experiment. Source site SB, treatment CTN, T3, biological replicate 3	Israel:Hatzeva,DeadSeaAndAravaScienceCenter	Halophila stipulacea	08-Sep-2019	Epiphytic metagenome sample from Halophila stipulacea in a mesocosm experiment. Source site SB, treatment CTN, T3, biological replicate 3	epiphytic metagenome	water	30.77 N 35.24 E	marine seagrass meadow	mesocosm experiment	SB	CTN	3.0	AS2059
AS2042	biological replicate 2	Epiphytic metagenome sample from Halophila stipulacea in a mesocosm experiment. Source site SB, treatment CTCN, T3, biological replicate 2	Israel:Hatzeva,DeadSeaAndAravaScienceCenter	Halophila stipulacea	08-Sep-2019	Epiphytic metagenome sample from Halophila stipulacea in a mesocosm experiment. Source site SB, treatment CTCN, T3, biological replicate 2	epiphytic metagenome	water	30.77 N 35.24 E	marine seagrass meadow	mesocosm experiment	SB	CTCN	3.0	AS2042
AS2109	biological replicate 2	Epiphytic metagenome sample from Halophila stipulacea in a mesocosm experiment. Source site TY, treatment TCN, T5, biological replicate 2	Israel:Hatzeva,DeadSeaAndAravaScienceCenter	Halophila stipulacea	22-Sep-2019	Epiphytic metagenome sample from Halophila stipulacea in a mesocosm experiment. Source site TY, treatment TCN, T5, biological replicate 2	epiphytic metagenome	water	30.77 N 35.24 E	marine seagrass meadow	mesocosm experiment	TY	TCN	5.0	AS2109
AS2046	biological replicate 3	Epiphytic metagenome sample from Halophila stipulacea in a mesocosm experiment. Source site SB, treatment CTCN, T3, biological replicate 3	Israel:Hatzeva,DeadSeaAndAravaScienceCenter	Halophila stipulacea	08-Sep-2019	Epiphytic metagenome sample from Halophila stipulacea in a mesocosm experiment. Source site SB, treatment CTCN, T3, biological replicate 3	epiphytic metagenome	water	30.77 N 35.24 E	marine seagrass meadow	mesocosm experiment	SB	CTCN	3.0	AS2046
AS2030	biological replicate 4	Epiphytic metagenome sample from Halophila stipulacea in a mesocosm experiment. Source site SB, treatment TCN, T0, biological replicate 4	Israel:Hatzeva,DeadSeaAndAravaScienceCenter	Halophila stipulacea	15-Aug-2019	Epiphytic metagenome sample from Halophila stipulacea in a mesocosm experiment. Source site SB, treatment TCN, T0, biological replicate 4	epiphytic metagenome	water	30.77 N 35.24 E	marine seagrass meadow	mesocosm experiment	SB	TCN	0.0	AS2030
AS2008	biological replicate 1	Epiphytic metagenome sample from Halophila stipulacea in a mesocosm experiment. Source site TY, treatment CTCN, T0, biological replicate 1	Israel:Hatzeva,DeadSeaAndAravaScienceCenter	Halophila stipulacea	15-Aug-2019	Epiphytic metagenome sample from Halophila stipulacea in a mesocosm experiment. Source site TY, treatment CTCN, T0, biological replicate 1	epiphytic metagenome	water	30.77 N 35.24 E	marine seagrass meadow	mesocosm experiment	TY	CTCN	0.0	AS2008
AS2107	biological replicate 3	Epiphytic metagenome sample from Halophila stipulacea in a mesocosm experiment. Source site SB, treatment TCN, T5, biological replicate 3	Israel:Hatzeva,DeadSeaAndAravaScienceCenter	Halophila stipulacea	22-Sep-2019	Epiphytic metagenome sample from Halophila stipulacea in a mesocosm experiment. Source site SB, treatment TCN, T5, biological replicate 3	epiphytic metagenome	water	30.77 N 35.24 E	marine seagrass meadow	mesocosm experiment	SB	TCN	5.0	AS2107
AS2077	biological replicate 3	Epiphytic metagenome sample from Halophila stipulacea in a mesocosm experiment. Source site TY, treatment TN, T3, biological replicate 3	Israel:Hatzeva,DeadSeaAndAravaScienceCenter	Halophila stipulacea	08-Sep-2019	Epiphytic metagenome sample from Halophila stipulacea in a mesocosm experiment. Source site TY, treatment TN, T3, biological replicate 3	epiphytic metagenome	water	30.77 N 35.24 E	marine seagrass meadow	mesocosm experiment	TY	TN	3.0	AS2077
AS2065	biological replicate 4	Epiphytic metagenome sample from Halophila stipulacea in a mesocosm experiment. Source site TY, treatment TCN, T3, biological replicate 4	Israel:Hatzeva,DeadSeaAndAravaScienceCenter	Halophila stipulacea	08-Sep-2019	Epiphytic metagenome sample from Halophila stipulacea in a mesocosm experiment. Source site TY, treatment TCN, T3, biological replicate 4	epiphytic metagenome	water	30.77 N 35.24 E	marine seagrass meadow	mesocosm experiment	TY	TCN	3.0	AS2065
AS2091	biological replicate 3	Epiphytic metagenome sample from Halophila stipulacea in a mesocosm experiment. Source site SB, treatment CTN, T5, biological replicate 3	Israel:Hatzeva,DeadSeaAndAravaScienceCenter	Halophila stipulacea	22-Sep-2019	Epiphytic metagenome sample from Halophila stipulacea in a mesocosm experiment. Source site SB, treatment CTN, T5, biological replicate 3	epiphytic metagenome	water	30.77 N 35.24 E	marine seagrass meadow	mesocosm experiment	SB	CTN	5.0	AS2091
AS2115	biological replicate 3	Epiphytic metagenome sample from Halophila stipulacea in a mesocosm experiment. Source site SB, treatment TN, T5, biological replicate 3	Israel:Hatzeva,DeadSeaAndAravaScienceCenter	Halophila stipulacea	22-Sep-2019	Epiphytic metagenome sample from Halophila stipulacea in a mesocosm experiment. Source site SB, treatment TN, T5, biological replicate 3	epiphytic metagenome	water	30.77 N 35.24 E	marine seagrass meadow	mesocosm experiment	SB	TN	5.0	AS2115
AS2007	biological replicate 5	Epiphytic metagenome sample from Halophila stipulacea in a mesocosm experiment. Source site SB, treatment CTCN, T0, biological replicate 5	Israel:Hatzeva,DeadSeaAndAravaScienceCenter	Halophila stipulacea	15-Aug-2019	Epiphytic metagenome sample from Halophila stipulacea in a mesocosm experiment. Source site SB, treatment CTCN, T0, biological replicate 5	epiphytic metagenome	water	30.77 N 35.24 E	marine seagrass meadow	mesocosm experiment	SB	CTCN	0.0	AS2007
AS2085	biological replicate 4	Epiphytic metagenome sample from Halophila stipulacea in a mesocosm experiment. Source site TY, treatment CTCN, T5, biological replicate 4	Israel:Hatzeva,DeadSeaAndAravaScienceCenter	Halophila stipulacea	22-Sep-2019	Epiphytic metagenome sample from Halophila stipulacea in a mesocosm experiment. Source site TY, treatment CTCN, T5, biological replicate 4	epiphytic metagenome	water	30.77 N 35.24 E	marine seagrass meadow	mesocosm experiment	TY	CTCN	5.0	AS2085
AS2012	biological replicate 3	Epiphytic metagenome sample from Halophila stipulacea in a mesocosm experiment. Source site TY, treatment CTN, T0, biological replicate 3	Israel:Hatzeva,DeadSeaAndAravaScienceCenter	Halophila stipulacea	15-Aug-2019	Epiphytic metagenome sample from Halophila stipulacea in a mesocosm experiment. Source site TY, treatment CTN, T0, biological replicate 3	epiphytic metagenome	water	30.77 N 35.24 E	marine seagrass meadow	mesocosm experiment	TY	CTN	0.0	AS2012
AS2132	biological replicate 4	Epiphytic metagenome sample from Halophila stipulacea in a mesocosm experiment. Source site TY, treatment CTN, T8, biological replicate 4	Israel:Hatzeva,DeadSeaAndAravaScienceCenter	Halophila stipulacea	13-Oct-2019	Epiphytic metagenome sample from Halophila stipulacea in a mesocosm experiment. Source site TY, treatment CTN, T8, biological replicate 4	epiphytic metagenome	water	30.77 N 35.24 E	marine seagrass meadow	mesocosm experiment	TY	CTN	8.0	AS2132
AS2129	biological replicate 5	Epiphytic metagenome sample from Halophila stipulacea in a mesocosm experiment. Source site TY, treatment CTCN, T8, biological replicate 5	Israel:Hatzeva,DeadSeaAndAravaScienceCenter	Halophila stipulacea	13-Oct-2019	Epiphytic metagenome sample from Halophila stipulacea in a mesocosm experiment. Source site TY, treatment CTCN, T8, biological replicate 5	epiphytic metagenome	water	30.77 N 35.24 E	marine seagrass meadow	mesocosm experiment	TY	CTCN	8.0	AS2129
AS2113	biological replicate 3	Epiphytic metagenome sample from Halophila stipulacea in a mesocosm experiment. Source site TY, treatment TN, T5, biological replicate 3	Israel:Hatzeva,DeadSeaAndAravaScienceCenter	Halophila stipulacea	22-Sep-2019	Epiphytic metagenome sample from Halophila stipulacea in a mesocosm experiment. Source site TY, treatment TN, T5, biological replicate 3	epiphytic metagenome	water	30.77 N 35.24 E	marine seagrass meadow	mesocosm experiment	TY	TN	5.0	AS2113
AS2123	biological replicate 4	Epiphytic metagenome sample from Halophila stipulacea in a mesocosm experiment. Source site SB, treatment CTCN, T8, biological replicate 4	Israel:Hatzeva,DeadSeaAndAravaScienceCenter	Halophila stipulacea	13-Oct-2019	Epiphytic metagenome sample from Halophila stipulacea in a mesocosm experiment. Source site SB, treatment CTCN, T8, biological replicate 4	epiphytic metagenome	water	30.77 N 35.24 E	marine seagrass meadow	mesocosm experiment	SB	CTCN	8.0	AS2123
AS2096	biological replicate 4	Epiphytic metagenome sample from Halophila stipulacea in a mesocosm experiment. Source site TY, treatment CTN, T5, biological replicate 4	Israel:Hatzeva,DeadSeaAndAravaScienceCenter	Halophila stipulacea	22-Sep-2019	Epiphytic metagenome sample from Halophila stipulacea in a mesocosm experiment. Source site TY, treatment CTN, T5, biological replicate 4	epiphytic metagenome	water	30.77 N 35.24 E	marine seagrass meadow	mesocosm experiment	TY	CTN	5.0	AS2096
AS2117	biological replicate 4	Epiphytic metagenome sample from Halophila stipulacea in a mesocosm experiment. Source site TY, treatment TN, T5, biological replicate 4	Israel:Hatzeva,DeadSeaAndAravaScienceCenter	Halophila stipulacea	22-Sep-2019	Epiphytic metagenome sample from Halophila stipulacea in a mesocosm experiment. Source site TY, treatment TN, T5, biological replicate 4	epiphytic metagenome	water	30.77 N 35.24 E	marine seagrass meadow	mesocosm experiment	TY	TN	5.0	AS2117
AS2108	biological replicate 3	Epiphytic metagenome sample from Halophila stipulacea in a mesocosm experiment. Source site TY, treatment TCN, T5, biological replicate 3	Israel:Hatzeva,DeadSeaAndAravaScienceCenter	Halophila stipulacea	22-Sep-2019	Epiphytic metagenome sample from Halophila stipulacea in a mesocosm experiment. Source site TY, treatment TCN, T5, biological replicate 3	epiphytic metagenome	water	30.77 N 35.24 E	marine seagrass meadow	mesocosm experiment	TY	TCN	5.0	AS2108
AS2106	biological replicate 4	Epiphytic metagenome sample from Halophila stipulacea in a mesocosm experiment. Source site SB, treatment TCN, T5, biological replicate 4	Israel:Hatzeva,DeadSeaAndAravaScienceCenter	Halophila stipulacea	22-Sep-2019	Epiphytic metagenome sample from Halophila stipulacea in a mesocosm experiment. Source site SB, treatment TCN, T5, biological replicate 4	epiphytic metagenome	water	30.77 N 35.24 E	marine seagrass meadow	mesocosm experiment	SB	TCN	5.0	AS2106
AS2118	biological replicate 4	Epiphytic metagenome sample from Halophila stipulacea in a mesocosm experiment. Source site SB, treatment TN, T5, biological replicate 4	Israel:Hatzeva,DeadSeaAndAravaScienceCenter	Halophila stipulacea	22-Sep-2019	Epiphytic metagenome sample from Halophila stipulacea in a mesocosm experiment. Source site SB, treatment TN, T5, biological replicate 4	epiphytic metagenome	water	30.77 N 35.24 E	marine seagrass meadow	mesocosm experiment	SB	TN	5.0	AS2118
AS2049	biological replicate 4	Epiphytic metagenome sample from Halophila stipulacea in a mesocosm experiment. Source site TY, treatment CTCN, T3, biological replicate 4	Israel:Hatzeva,DeadSeaAndAravaScienceCenter	Halophila stipulacea	08-Sep-2019	Epiphytic metagenome sample from Halophila stipulacea in a mesocosm experiment. Source site TY, treatment CTCN, T3, biological replicate 4	epiphytic metagenome	water	30.77 N 35.24 E	marine seagrass meadow	mesocosm experiment	TY	CTCN	3.0	AS2049
AS2073	biological replicate 4	Epiphytic metagenome sample from Halophila stipulacea in a mesocosm experiment. Source site TY, treatment TN, T3, biological replicate 4	Israel:Hatzeva,DeadSeaAndAravaScienceCenter	Halophila stipulacea	08-Sep-2019	Epiphytic metagenome sample from Halophila stipulacea in a mesocosm experiment. Source site TY, treatment TN, T3, biological replicate 4	epiphytic metagenome	water	30.77 N 35.24 E	marine seagrass meadow	mesocosm experiment	TY	TN	3.0	AS2073
AS2134	biological replicate 5	Epiphytic metagenome sample from Halophila stipulacea in a mesocosm experiment. Source site SB, treatment CTN, T8, biological replicate 5	Israel:Hatzeva,DeadSeaAndAravaScienceCenter	Halophila stipulacea	13-Oct-2019	Epiphytic metagenome sample from Halophila stipulacea in a mesocosm experiment. Source site SB, treatment CTN, T8, biological replicate 5	epiphytic metagenome	water	30.77 N 35.24 E	marine seagrass meadow	mesocosm experiment	SB	CTN	8.0	AS2134
AS2043	biological replicate 4	Epiphytic metagenome sample from Halophila stipulacea in a mesocosm experiment. Source site SB, treatment CTCN, T3, biological replicate 4	Israel:Hatzeva,DeadSeaAndAravaScienceCenter	Halophila stipulacea	08-Sep-2019	Epiphytic metagenome sample from Halophila stipulacea in a mesocosm experiment. Source site SB, treatment CTCN, T3, biological replicate 4	epiphytic metagenome	water	30.77 N 35.24 E	marine seagrass meadow	mesocosm experiment	SB	CTCN	3.0	AS2043
AS2149	biological replicate 3	Epiphytic metagenome sample from Halophila stipulacea in a mesocosm experiment. Source site TY, treatment TCN, T8, biological replicate 3	Israel:Hatzeva,DeadSeaAndAravaScienceCenter	Halophila stipulacea	13-Oct-2019	Epiphytic metagenome sample from Halophila stipulacea in a mesocosm experiment. Source site TY, treatment TCN, T8, biological replicate 3	epiphytic metagenome	water	30.77 N 35.24 E	marine seagrass meadow	mesocosm experiment	TY	TCN	8.0	AS2149
AS2005	biological replicate 2	Epiphytic metagenome sample from Halophila stipulacea in a mesocosm experiment. Source site TY, treatment CTCN, T0, biological replicate 2	Israel:Hatzeva,DeadSeaAndAravaScienceCenter	Halophila stipulacea	15-Aug-2019	Epiphytic metagenome sample from Halophila stipulacea in a mesocosm experiment. Source site TY, treatment CTCN, T0, biological replicate 2	epiphytic metagenome	water	30.77 N 35.24 E	marine seagrass meadow	mesocosm experiment	TY	CTCN	0.0	AS2005
AS2039	biological replicate 4	Epiphytic metagenome sample from Halophila stipulacea in a mesocosm experiment. Source site SB, treatment TN, T0, biological replicate 4	Israel:Hatzeva,DeadSeaAndAravaScienceCenter	Halophila stipulacea	15-Aug-2019	Epiphytic metagenome sample from Halophila stipulacea in a mesocosm experiment. Source site SB, treatment TN, T0, biological replicate 4	epiphytic metagenome	water	30.77 N 35.24 E	marine seagrass meadow	mesocosm experiment	SB	TN	0.0	AS2039
AS2063	biological replicate 3	Epiphytic metagenome sample from Halophila stipulacea in a mesocosm experiment. Source site SB, treatment TCN, T3, biological replicate 3	Israel:Hatzeva,DeadSeaAndAravaScienceCenter	Halophila stipulacea	08-Sep-2019	Epiphytic metagenome sample from Halophila stipulacea in a mesocosm experiment. Source site SB, treatment TCN, T3, biological replicate 3	epiphytic metagenome	water	30.77 N 35.24 E	marine seagrass meadow	mesocosm experiment	SB	TCN	3.0	AS2063
AS2040	biological replicate 3	Epiphytic metagenome sample from Halophila stipulacea in a mesocosm experiment. Source site TY, treatment TN, T0, biological replicate 3	Israel:Hatzeva,DeadSeaAndAravaScienceCenter	Halophila stipulacea	15-Aug-2019	Epiphytic metagenome sample from Halophila stipulacea in a mesocosm experiment. Source site TY, treatment TN, T0, biological replicate 3	epiphytic metagenome	water	30.77 N 35.24 E	marine seagrass meadow	mesocosm experiment	TY	TN	0.0	AS2040
AS2044	biological replicate 5	Epiphytic metagenome sample from Halophila stipulacea in a mesocosm experiment. Source site TY, treatment CTCN, T3, biological replicate 5	Israel:Hatzeva,DeadSeaAndAravaScienceCenter	Halophila stipulacea	08-Sep-2019	Epiphytic metagenome sample from Halophila stipulacea in a mesocosm experiment. Source site TY, treatment CTCN, T3, biological replicate 5	epiphytic metagenome	water	30.77 N 35.24 E	marine seagrass meadow	mesocosm experiment	TY	CTCN	3.0	AS2044
AS2074	biological replicate 2	Epiphytic metagenome sample from Halophila stipulacea in a mesocosm experiment. Source site SB, treatment TN, T3, biological replicate 2	Israel:Hatzeva,DeadSeaAndAravaScienceCenter	Halophila stipulacea	08-Sep-2019	Epiphytic metagenome sample from Halophila stipulacea in a mesocosm experiment. Source site SB, treatment TN, T3, biological replicate 2	epiphytic metagenome	water	30.77 N 35.24 E	marine seagrass meadow	mesocosm experiment	SB	TN	3.0	AS2074
AS2097	biological replicate 5	Epiphytic metagenome sample from Halophila stipulacea in a mesocosm experiment. Source site TY, treatment CTN, T5, biological replicate 5	Israel:Hatzeva,DeadSeaAndAravaScienceCenter	Halophila stipulacea	22-Sep-2019	Epiphytic metagenome sample from Halophila stipulacea in a mesocosm experiment. Source site TY, treatment CTN, T5, biological replicate 5	epiphytic metagenome	water	30.77 N 35.24 E	marine seagrass meadow	mesocosm experiment	TY	CTN	5.0	AS2097
AS2056	biological replicate 4	Epiphytic metagenome sample from Halophila stipulacea in a mesocosm experiment. Source site TY, treatment CTN, T3, biological replicate 4	Israel:Hatzeva,DeadSeaAndAravaScienceCenter	Halophila stipulacea	08-Sep-2019	Epiphytic metagenome sample from Halophila stipulacea in a mesocosm experiment. Source site TY, treatment CTN, T3, biological replicate 4	epiphytic metagenome	water	30.77 N 35.24 E	marine seagrass meadow	mesocosm experiment	TY	CTN	3.0	AS2056
AS2066	biological replicate 4	Epiphytic metagenome sample from Halophila stipulacea in a mesocosm experiment. Source site SB, treatment TCN, T3, biological replicate 4	Israel:Hatzeva,DeadSeaAndAravaScienceCenter	Halophila stipulacea	08-Sep-2019	Epiphytic metagenome sample from Halophila stipulacea in a mesocosm experiment. Source site SB, treatment TCN, T3, biological replicate 4	epiphytic metagenome	water	30.77 N 35.24 E	marine seagrass meadow	mesocosm experiment	SB	TCN	3.0	AS2066
AS2094	biological replicate 4	Epiphytic metagenome sample from Halophila stipulacea in a mesocosm experiment. Source site SB, treatment CTN, T5, biological replicate 4	Israel:Hatzeva,DeadSeaAndAravaScienceCenter	Halophila stipulacea	22-Sep-2019	Epiphytic metagenome sample from Halophila stipulacea in a mesocosm experiment. Source site SB, treatment CTN, T5, biological replicate 4	epiphytic metagenome	water	30.77 N 35.24 E	marine seagrass meadow	mesocosm experiment	SB	CTN	5.0	AS2094
AS2047	biological replicate 5	Epiphytic metagenome sample from Halophila stipulacea in a mesocosm experiment. Source site SB, treatment CTCN, T3, biological replicate 5	Israel:Hatzeva,DeadSeaAndAravaScienceCenter	Halophila stipulacea	08-Sep-2019	Epiphytic metagenome sample from Halophila stipulacea in a mesocosm experiment. Source site SB, treatment CTCN, T3, biological replicate 5	epiphytic metagenome	water	30.77 N 35.24 E	marine seagrass meadow	mesocosm experiment	SB	CTCN	3.0	AS2047
AS2001	biological replicate 3	Epiphytic metagenome sample from Halophila stipulacea in a mesocosm experiment. Source site TY, treatment CTCN, T0, biological replicate 3	Israel:Hatzeva,DeadSeaAndAravaScienceCenter	Halophila stipulacea	15-Aug-2019	Epiphytic metagenome sample from Halophila stipulacea in a mesocosm experiment. Source site TY, treatment CTCN, T0, biological replicate 3	epiphytic metagenome	water	30.77 N 35.24 E	marine seagrass meadow	mesocosm experiment	TY	CTCN	0.0	AS2001
AS2078	biological replicate 3	Epiphytic metagenome sample from Halophila stipulacea in a mesocosm experiment. Source site SB, treatment TN, T3, biological replicate 3	Israel:Hatzeva,DeadSeaAndAravaScienceCenter	Halophila stipulacea	08-Sep-2019	Epiphytic metagenome sample from Halophila stipulacea in a mesocosm experiment. Source site SB, treatment TN, T3, biological replicate 3	epiphytic metagenome	water	30.77 N 35.24 E	marine seagrass meadow	mesocosm experiment	SB	TN	3.0	AS2078
AS2099	biological replicate 5	Epiphytic metagenome sample from Halophila stipulacea in a mesocosm experiment. Source site SB, treatment CTN, T5, biological replicate 5	Israel:Hatzeva,DeadSeaAndAravaScienceCenter	Halophila stipulacea	22-Sep-2019	Epiphytic metagenome sample from Halophila stipulacea in a mesocosm experiment. Source site SB, treatment CTN, T5, biological replicate 5	epiphytic metagenome	water	30.77 N 35.24 E	marine seagrass meadow	mesocosm experiment	SB	CTN	5.0	AS2099
AS2122	biological replicate 5	Epiphytic metagenome sample from Halophila stipulacea in a mesocosm experiment. Source site SB, treatment CTCN, T8, biological replicate 5	Israel:Hatzeva,DeadSeaAndAravaScienceCenter	Halophila stipulacea	13-Oct-2019	Epiphytic metagenome sample from Halophila stipulacea in a mesocosm experiment. Source site SB, treatment CTCN, T8, biological replicate 5	epiphytic metagenome	water	30.77 N 35.24 E	marine seagrass meadow	mesocosm experiment	SB	CTCN	8.0	AS2122
AS2009	biological replicate 4	Epiphytic metagenome sample from Halophila stipulacea in a mesocosm experiment. Source site TY, treatment CTCN, T0, biological replicate 4	Israel:Hatzeva,DeadSeaAndAravaScienceCenter	Halophila stipulacea	15-Aug-2019	Epiphytic metagenome sample from Halophila stipulacea in a mesocosm experiment. Source site TY, treatment CTCN, T0, biological replicate 4	epiphytic metagenome	water	30.77 N 35.24 E	marine seagrass meadow	mesocosm experiment	TY	CTCN	0.0	AS2009
AS2150	biological replicate 3	Epiphytic metagenome sample from Halophila stipulacea in a mesocosm experiment. Source site SB, treatment TCN, T8, biological replicate 3	Israel:Hatzeva,DeadSeaAndAravaScienceCenter	Halophila stipulacea	13-Oct-2019	Epiphytic metagenome sample from Halophila stipulacea in a mesocosm experiment. Source site SB, treatment TCN, T8, biological replicate 3	epiphytic metagenome	water	30.77 N 35.24 E	marine seagrass meadow	mesocosm experiment	SB	TCN	8.0	AS2150
AS2020	biological replicate 4	Epiphytic metagenome sample from Halophila stipulacea in a mesocosm experiment. Source site TY, treatment CTN, T0, biological replicate 4	Israel:Hatzeva,DeadSeaAndAravaScienceCenter	Halophila stipulacea	15-Aug-2019	Epiphytic metagenome sample from Halophila stipulacea in a mesocosm experiment. Source site TY, treatment CTN, T0, biological replicate 4	epiphytic metagenome	water	30.77 N 35.24 E	marine seagrass meadow	mesocosm experiment	TY	CTN	0.0	AS2020
AS2153	biological replicate 4	Epiphytic metagenome sample from Halophila stipulacea in a mesocosm experiment. Source site TY, treatment TN, T8, biological replicate 4	Israel:Hatzeva,DeadSeaAndAravaScienceCenter	Halophila stipulacea	13-Oct-2019	Epiphytic metagenome sample from Halophila stipulacea in a mesocosm experiment. Source site TY, treatment TN, T8, biological replicate 4	epiphytic metagenome	water	30.77 N 35.24 E	marine seagrass meadow	mesocosm experiment	TY	TN	8.0	AS2153
AS2105	biological replicate 4	Epiphytic metagenome sample from Halophila stipulacea in a mesocosm experiment. Source site TY, treatment TCN, T5, biological replicate 4	Israel:Hatzeva,DeadSeaAndAravaScienceCenter	Halophila stipulacea	22-Sep-2019	Epiphytic metagenome sample from Halophila stipulacea in a mesocosm experiment. Source site TY, treatment TCN, T5, biological replicate 4	epiphytic metagenome	water	30.77 N 35.24 E	marine seagrass meadow	mesocosm experiment	TY	TCN	5.0	AS2105
AS2133	biological replicate 5	Epiphytic metagenome sample from Halophila stipulacea in a mesocosm experiment. Source site TY, treatment CTN, T8, biological replicate 5	Israel:Hatzeva,DeadSeaAndAravaScienceCenter	Halophila stipulacea	13-Oct-2019	Epiphytic metagenome sample from Halophila stipulacea in a mesocosm experiment. Source site TY, treatment CTN, T8, biological replicate 5	epiphytic metagenome	water	30.77 N 35.24 E	marine seagrass meadow	mesocosm experiment	TY	CTN	8.0	AS2133
AS2147	biological replicate 4	Epiphytic metagenome sample from Halophila stipulacea in a mesocosm experiment. Source site SB, treatment TCN, T8, biological replicate 4	Israel:Hatzeva,DeadSeaAndAravaScienceCenter	Halophila stipulacea	13-Oct-2019	Epiphytic metagenome sample from Halophila stipulacea in a mesocosm experiment. Source site SB, treatment TCN, T8, biological replicate 4	epiphytic metagenome	water	30.77 N 35.24 E	marine seagrass meadow	mesocosm experiment	SB	TCN	8.0	AS2147
AS2037	biological replicate 4	Epiphytic metagenome sample from Halophila stipulacea in a mesocosm experiment. Source site TY, treatment TN, T0, biological replicate 4	Israel:Hatzeva,DeadSeaAndAravaScienceCenter	Halophila stipulacea	15-Aug-2019	Epiphytic metagenome sample from Halophila stipulacea in a mesocosm experiment. Source site TY, treatment TN, T0, biological replicate 4	epiphytic metagenome	water	30.77 N 35.24 E	marine seagrass meadow	mesocosm experiment	TY	TN	0.0	AS2037
AS2148	biological replicate 4	Epiphytic metagenome sample from Halophila stipulacea in a mesocosm experiment. Source site TY, treatment TCN, T8, biological replicate 4	Israel:Hatzeva,DeadSeaAndAravaScienceCenter	Halophila stipulacea	13-Oct-2019	Epiphytic metagenome sample from Halophila stipulacea in a mesocosm experiment. Source site TY, treatment TCN, T8, biological replicate 4	epiphytic metagenome	water	30.77 N 35.24 E	marine seagrass meadow	mesocosm experiment	TY	TCN	8.0	AS2148
AS2058	biological replicate 4	Epiphytic metagenome sample from Halophila stipulacea in a mesocosm experiment. Source site SB, treatment CTN, T3, biological replicate 4	Israel:Hatzeva,DeadSeaAndAravaScienceCenter	Halophila stipulacea	08-Sep-2019	Epiphytic metagenome sample from Halophila stipulacea in a mesocosm experiment. Source site SB, treatment CTN, T3, biological replicate 4	epiphytic metagenome	water	30.77 N 35.24 E	marine seagrass meadow	mesocosm experiment	SB	CTN	3.0	AS2058
AS2159	biological replicate 4	Epiphytic metagenome sample from Halophila stipulacea in a mesocosm experiment. Source site SB, treatment TN, T8, biological replicate 4	Israel:Hatzeva,DeadSeaAndAravaScienceCenter	Halophila stipulacea	13-Oct-2019	Epiphytic metagenome sample from Halophila stipulacea in a mesocosm experiment. Source site SB, treatment TN, T8, biological replicate 4	epiphytic metagenome	water	30.77 N 35.24 E	marine seagrass meadow	mesocosm experiment	SB	TN	8.0	AS2159
AS2017	biological replicate 5	Epiphytic metagenome sample from Halophila stipulacea in a mesocosm experiment. Source site TY, treatment CTN, T0, biological replicate 5	Israel:Hatzeva,DeadSeaAndAravaScienceCenter	Halophila stipulacea	15-Aug-2019	Epiphytic metagenome sample from Halophila stipulacea in a mesocosm experiment. Source site TY, treatment CTN, T0, biological replicate 5	epiphytic metagenome	water	30.77 N 35.24 E	marine seagrass meadow	mesocosm experiment	TY	CTN	0.0	AS2017
AS2052	biological replicate 5	Epiphytic metagenome sample from Halophila stipulacea in a mesocosm experiment. Source site TY, treatment CTN, T3, biological replicate 5	Israel:Hatzeva,DeadSeaAndAravaScienceCenter	Halophila stipulacea	08-Sep-2019	Epiphytic metagenome sample from Halophila stipulacea in a mesocosm experiment. Source site TY, treatment CTN, T3, biological replicate 5	epiphytic metagenome	water	30.77 N 35.24 E	marine seagrass meadow	mesocosm experiment	TY	CTN	3.0	AS2052
AS2075	biological replicate 4	Epiphytic metagenome sample from Halophila stipulacea in a mesocosm experiment. Source site SB, treatment TN, T3, biological replicate 4	Israel:Hatzeva,DeadSeaAndAravaScienceCenter	Halophila stipulacea	08-Sep-2019	Epiphytic metagenome sample from Halophila stipulacea in a mesocosm experiment. Source site SB, treatment TN, T3, biological replicate 4	epiphytic metagenome	water	30.77 N 35.24 E	marine seagrass meadow	mesocosm experiment	SB	TN	3.0	AS2075
